month_day,historic_norm_c,sample_count,reference_period,geography,weighting,grid_selection
01-01,3.9,930,1961-1990,Belgium,cosine_latitude,centre_inside_boundary
01-02,3.86,930,1961-1990,Belgium,cosine_latitude,centre_inside_boundary
01-03,3.8,930,1961-1990,Belgium,cosine_latitude,centre_inside_boundary
01-04,3.76,930,1961-1990,Belgium,cosine_latitude,centre_inside_boundary
01-05,3.75,930,1961-1990,Belgium,cosine_latitude,centre_inside_boundary
01-06,3.73,930,1961-1990,Belgium,cosine_latitude,centre_inside_boundary
01-07,3.7,930,1961-1990,Belgium,cosine_latitude,centre_inside_boundary
01-08,3.7,930,1961-1990,Belgium,cosine_latitude,centre_inside_boundary
01-09,3.7,930,1961-1990,Belgium,cosine_latitude,centre_inside_boundary
01-10,3.71,930,1961-1990,Belgium,cosine_latitude,centre_inside_boundary
01-11,3.73,930,1961-1990,Belgium,cosine_latitude,centre_inside_boundary
01-12,3.75,930,1961-1990,Belgium,cosine_latitude,centre_inside_boundary
01-13,3.79,930,1961-1990,Belgium,cosine_latitude,centre_inside_boundary
01-14,3.83,930,1961-1990,Belgium,cosine_latitude,centre_inside_boundary
01-15,3.86,930,1961-1990,Belgium,cosine_latitude,centre_inside_boundary
01-16,3.88,930,1961-1990,Belgium,cosine_latitude,centre_inside_boundary
01-17,3.93,930,1961-1990,Belgium,cosine_latitude,centre_inside_boundary
01-18,3.96,930,1961-1990,Belgium,cosine_latitude,centre_inside_boundary
01-19,4.0,930,1961-1990,Belgium,cosine_latitude,centre_inside_boundary
01-20,4.06,930,1961-1990,Belgium,cosine_latitude,centre_inside_boundary
01-21,4.15,930,1961-1990,Belgium,cosine_latitude,centre_inside_boundary
01-22,4.22,930,1961-1990,Belgium,cosine_latitude,centre_inside_boundary
01-23,4.32,930,1961-1990,Belgium,cosine_latitude,centre_inside_boundary
01-24,4.42,930,1961-1990,Belgium,cosine_latitude,centre_inside_boundary
01-25,4.49,930,1961-1990,Belgium,cosine_latitude,centre_inside_boundary
01-26,4.54,930,1961-1990,Belgium,cosine_latitude,centre_inside_boundary
01-27,4.59,930,1961-1990,Belgium,cosine_latitude,centre_inside_boundary
01-28,4.65,930,1961-1990,Belgium,cosine_latitude,centre_inside_boundary
01-29,4.7,930,1961-1990,Belgium,cosine_latitude,centre_inside_boundary
01-30,4.69,930,1961-1990,Belgium,cosine_latitude,centre_inside_boundary
01-31,4.66,930,1961-1990,Belgium,cosine_latitude,centre_inside_boundary
02-01,4.65,930,1961-1990,Belgium,cosine_latitude,centre_inside_boundary
02-02,4.68,930,1961-1990,Belgium,cosine_latitude,centre_inside_boundary
02-03,4.71,930,1961-1990,Belgium,cosine_latitude,centre_inside_boundary
02-04,4.74,930,1961-1990,Belgium,cosine_latitude,centre_inside_boundary
02-05,4.77,930,1961-1990,Belgium,cosine_latitude,centre_inside_boundary
02-06,4.82,930,1961-1990,Belgium,cosine_latitude,centre_inside_boundary
02-07,4.86,930,1961-1990,Belgium,cosine_latitude,centre_inside_boundary
02-08,4.89,930,1961-1990,Belgium,cosine_latitude,centre_inside_boundary
02-09,4.94,930,1961-1990,Belgium,cosine_latitude,centre_inside_boundary
02-10,4.96,930,1961-1990,Belgium,cosine_latitude,centre_inside_boundary
02-11,4.98,930,1961-1990,Belgium,cosine_latitude,centre_inside_boundary
02-12,5.0,930,1961-1990,Belgium,cosine_latitude,centre_inside_boundary
02-13,5.03,930,1961-1990,Belgium,cosine_latitude,centre_inside_boundary
02-14,5.04,907,1961-1990,Belgium,cosine_latitude,centre_inside_boundary
02-15,5.07,907,1961-1990,Belgium,cosine_latitude,centre_inside_boundary
02-16,5.12,907,1961-1990,Belgium,cosine_latitude,centre_inside_boundary
02-17,5.15,907,1961-1990,Belgium,cosine_latitude,centre_inside_boundary
02-18,5.19,907,1961-1990,Belgium,cosine_latitude,centre_inside_boundary
02-19,5.22,907,1961-1990,Belgium,cosine_latitude,centre_inside_boundary
02-20,5.28,907,1961-1990,Belgium,cosine_latitude,centre_inside_boundary
02-21,5.32,907,1961-1990,Belgium,cosine_latitude,centre_inside_boundary
02-22,5.36,907,1961-1990,Belgium,cosine_latitude,centre_inside_boundary
02-23,5.42,907,1961-1990,Belgium,cosine_latitude,centre_inside_boundary
02-24,5.49,907,1961-1990,Belgium,cosine_latitude,centre_inside_boundary
02-25,5.57,907,1961-1990,Belgium,cosine_latitude,centre_inside_boundary
02-26,5.66,907,1961-1990,Belgium,cosine_latitude,centre_inside_boundary
02-27,5.76,907,1961-1990,Belgium,cosine_latitude,centre_inside_boundary
02-28,5.87,907,1961-1990,Belgium,cosine_latitude,centre_inside_boundary
02-29,6.0,907,1961-1990,Belgium,cosine_latitude,centre_inside_boundary
03-01,6.16,907,1961-1990,Belgium,cosine_latitude,centre_inside_boundary
03-02,6.33,907,1961-1990,Belgium,cosine_latitude,centre_inside_boundary
03-03,6.5,907,1961-1990,Belgium,cosine_latitude,centre_inside_boundary
03-04,6.64,907,1961-1990,Belgium,cosine_latitude,centre_inside_boundary
03-05,6.79,907,1961-1990,Belgium,cosine_latitude,centre_inside_boundary
03-06,6.94,907,1961-1990,Belgium,cosine_latitude,centre_inside_boundary
03-07,7.05,907,1961-1990,Belgium,cosine_latitude,centre_inside_boundary
03-08,7.16,907,1961-1990,Belgium,cosine_latitude,centre_inside_boundary
03-09,7.28,907,1961-1990,Belgium,cosine_latitude,centre_inside_boundary
03-10,7.42,907,1961-1990,Belgium,cosine_latitude,centre_inside_boundary
03-11,7.53,907,1961-1990,Belgium,cosine_latitude,centre_inside_boundary
03-12,7.65,907,1961-1990,Belgium,cosine_latitude,centre_inside_boundary
03-13,7.77,907,1961-1990,Belgium,cosine_latitude,centre_inside_boundary
03-14,7.91,907,1961-1990,Belgium,cosine_latitude,centre_inside_boundary
03-15,8.02,907,1961-1990,Belgium,cosine_latitude,centre_inside_boundary
03-16,8.1,930,1961-1990,Belgium,cosine_latitude,centre_inside_boundary
03-17,8.25,930,1961-1990,Belgium,cosine_latitude,centre_inside_boundary
03-18,8.38,930,1961-1990,Belgium,cosine_latitude,centre_inside_boundary
03-19,8.48,930,1961-1990,Belgium,cosine_latitude,centre_inside_boundary
03-20,8.58,930,1961-1990,Belgium,cosine_latitude,centre_inside_boundary
03-21,8.69,930,1961-1990,Belgium,cosine_latitude,centre_inside_boundary
03-22,8.8,930,1961-1990,Belgium,cosine_latitude,centre_inside_boundary
03-23,8.94,930,1961-1990,Belgium,cosine_latitude,centre_inside_boundary
03-24,9.04,930,1961-1990,Belgium,cosine_latitude,centre_inside_boundary
03-25,9.14,930,1961-1990,Belgium,cosine_latitude,centre_inside_boundary
03-26,9.24,930,1961-1990,Belgium,cosine_latitude,centre_inside_boundary
03-27,9.33,930,1961-1990,Belgium,cosine_latitude,centre_inside_boundary
03-28,9.43,930,1961-1990,Belgium,cosine_latitude,centre_inside_boundary
03-29,9.52,930,1961-1990,Belgium,cosine_latitude,centre_inside_boundary
03-30,9.62,930,1961-1990,Belgium,cosine_latitude,centre_inside_boundary
03-31,9.76,930,1961-1990,Belgium,cosine_latitude,centre_inside_boundary
04-01,9.89,930,1961-1990,Belgium,cosine_latitude,centre_inside_boundary
04-02,10.02,930,1961-1990,Belgium,cosine_latitude,centre_inside_boundary
04-03,10.16,930,1961-1990,Belgium,cosine_latitude,centre_inside_boundary
04-04,10.3,930,1961-1990,Belgium,cosine_latitude,centre_inside_boundary
04-05,10.42,930,1961-1990,Belgium,cosine_latitude,centre_inside_boundary
04-06,10.56,930,1961-1990,Belgium,cosine_latitude,centre_inside_boundary
04-07,10.73,930,1961-1990,Belgium,cosine_latitude,centre_inside_boundary
04-08,10.85,930,1961-1990,Belgium,cosine_latitude,centre_inside_boundary
04-09,10.96,930,1961-1990,Belgium,cosine_latitude,centre_inside_boundary
04-10,11.03,930,1961-1990,Belgium,cosine_latitude,centre_inside_boundary
04-11,11.13,930,1961-1990,Belgium,cosine_latitude,centre_inside_boundary
04-12,11.22,930,1961-1990,Belgium,cosine_latitude,centre_inside_boundary
04-13,11.31,930,1961-1990,Belgium,cosine_latitude,centre_inside_boundary
04-14,11.41,930,1961-1990,Belgium,cosine_latitude,centre_inside_boundary
04-15,11.54,930,1961-1990,Belgium,cosine_latitude,centre_inside_boundary
04-16,11.67,930,1961-1990,Belgium,cosine_latitude,centre_inside_boundary
04-17,11.79,930,1961-1990,Belgium,cosine_latitude,centre_inside_boundary
04-18,11.9,930,1961-1990,Belgium,cosine_latitude,centre_inside_boundary
04-19,12.07,930,1961-1990,Belgium,cosine_latitude,centre_inside_boundary
04-20,12.27,930,1961-1990,Belgium,cosine_latitude,centre_inside_boundary
04-21,12.45,930,1961-1990,Belgium,cosine_latitude,centre_inside_boundary
04-22,12.61,930,1961-1990,Belgium,cosine_latitude,centre_inside_boundary
04-23,12.76,930,1961-1990,Belgium,cosine_latitude,centre_inside_boundary
04-24,12.95,930,1961-1990,Belgium,cosine_latitude,centre_inside_boundary
04-25,13.07,930,1961-1990,Belgium,cosine_latitude,centre_inside_boundary
04-26,13.19,930,1961-1990,Belgium,cosine_latitude,centre_inside_boundary
04-27,13.37,930,1961-1990,Belgium,cosine_latitude,centre_inside_boundary
04-28,13.55,930,1961-1990,Belgium,cosine_latitude,centre_inside_boundary
04-29,13.73,930,1961-1990,Belgium,cosine_latitude,centre_inside_boundary
04-30,13.9,930,1961-1990,Belgium,cosine_latitude,centre_inside_boundary
05-01,14.03,930,1961-1990,Belgium,cosine_latitude,centre_inside_boundary
05-02,14.17,930,1961-1990,Belgium,cosine_latitude,centre_inside_boundary
05-03,14.31,930,1961-1990,Belgium,cosine_latitude,centre_inside_boundary
05-04,14.42,930,1961-1990,Belgium,cosine_latitude,centre_inside_boundary
05-05,14.54,930,1961-1990,Belgium,cosine_latitude,centre_inside_boundary
05-06,14.63,930,1961-1990,Belgium,cosine_latitude,centre_inside_boundary
05-07,14.74,930,1961-1990,Belgium,cosine_latitude,centre_inside_boundary
05-08,14.83,930,1961-1990,Belgium,cosine_latitude,centre_inside_boundary
05-09,14.94,930,1961-1990,Belgium,cosine_latitude,centre_inside_boundary
05-10,15.07,930,1961-1990,Belgium,cosine_latitude,centre_inside_boundary
05-11,15.23,930,1961-1990,Belgium,cosine_latitude,centre_inside_boundary
05-12,15.37,930,1961-1990,Belgium,cosine_latitude,centre_inside_boundary
05-13,15.52,930,1961-1990,Belgium,cosine_latitude,centre_inside_boundary
05-14,15.66,930,1961-1990,Belgium,cosine_latitude,centre_inside_boundary
05-15,15.81,930,1961-1990,Belgium,cosine_latitude,centre_inside_boundary
05-16,15.94,930,1961-1990,Belgium,cosine_latitude,centre_inside_boundary
05-17,16.06,930,1961-1990,Belgium,cosine_latitude,centre_inside_boundary
05-18,16.18,930,1961-1990,Belgium,cosine_latitude,centre_inside_boundary
05-19,16.3,930,1961-1990,Belgium,cosine_latitude,centre_inside_boundary
05-20,16.42,930,1961-1990,Belgium,cosine_latitude,centre_inside_boundary
05-21,16.51,930,1961-1990,Belgium,cosine_latitude,centre_inside_boundary
05-22,16.61,930,1961-1990,Belgium,cosine_latitude,centre_inside_boundary
05-23,16.69,930,1961-1990,Belgium,cosine_latitude,centre_inside_boundary
05-24,16.77,930,1961-1990,Belgium,cosine_latitude,centre_inside_boundary
05-25,16.87,930,1961-1990,Belgium,cosine_latitude,centre_inside_boundary
05-26,17.01,930,1961-1990,Belgium,cosine_latitude,centre_inside_boundary
05-27,17.11,930,1961-1990,Belgium,cosine_latitude,centre_inside_boundary
05-28,17.2,930,1961-1990,Belgium,cosine_latitude,centre_inside_boundary
05-29,17.31,930,1961-1990,Belgium,cosine_latitude,centre_inside_boundary
05-30,17.41,930,1961-1990,Belgium,cosine_latitude,centre_inside_boundary
05-31,17.49,930,1961-1990,Belgium,cosine_latitude,centre_inside_boundary
06-01,17.54,930,1961-1990,Belgium,cosine_latitude,centre_inside_boundary
06-02,17.6,930,1961-1990,Belgium,cosine_latitude,centre_inside_boundary
06-03,17.68,930,1961-1990,Belgium,cosine_latitude,centre_inside_boundary
06-04,17.75,930,1961-1990,Belgium,cosine_latitude,centre_inside_boundary
06-05,17.83,930,1961-1990,Belgium,cosine_latitude,centre_inside_boundary
06-06,17.95,930,1961-1990,Belgium,cosine_latitude,centre_inside_boundary
06-07,18.04,930,1961-1990,Belgium,cosine_latitude,centre_inside_boundary
06-08,18.14,930,1961-1990,Belgium,cosine_latitude,centre_inside_boundary
06-09,18.24,930,1961-1990,Belgium,cosine_latitude,centre_inside_boundary
06-10,18.34,930,1961-1990,Belgium,cosine_latitude,centre_inside_boundary
06-11,18.44,930,1961-1990,Belgium,cosine_latitude,centre_inside_boundary
06-12,18.52,930,1961-1990,Belgium,cosine_latitude,centre_inside_boundary
06-13,18.57,930,1961-1990,Belgium,cosine_latitude,centre_inside_boundary
06-14,18.63,930,1961-1990,Belgium,cosine_latitude,centre_inside_boundary
06-15,18.73,930,1961-1990,Belgium,cosine_latitude,centre_inside_boundary
06-16,18.81,930,1961-1990,Belgium,cosine_latitude,centre_inside_boundary
06-17,18.91,930,1961-1990,Belgium,cosine_latitude,centre_inside_boundary
06-18,18.98,930,1961-1990,Belgium,cosine_latitude,centre_inside_boundary
06-19,19.06,930,1961-1990,Belgium,cosine_latitude,centre_inside_boundary
06-20,19.14,930,1961-1990,Belgium,cosine_latitude,centre_inside_boundary
06-21,19.22,930,1961-1990,Belgium,cosine_latitude,centre_inside_boundary
06-22,19.31,930,1961-1990,Belgium,cosine_latitude,centre_inside_boundary
06-23,19.41,930,1961-1990,Belgium,cosine_latitude,centre_inside_boundary
06-24,19.49,930,1961-1990,Belgium,cosine_latitude,centre_inside_boundary
06-25,19.54,930,1961-1990,Belgium,cosine_latitude,centre_inside_boundary
06-26,19.61,930,1961-1990,Belgium,cosine_latitude,centre_inside_boundary
06-27,19.71,930,1961-1990,Belgium,cosine_latitude,centre_inside_boundary
06-28,19.77,930,1961-1990,Belgium,cosine_latitude,centre_inside_boundary
06-29,19.8,930,1961-1990,Belgium,cosine_latitude,centre_inside_boundary
06-30,19.83,930,1961-1990,Belgium,cosine_latitude,centre_inside_boundary
07-01,19.87,930,1961-1990,Belgium,cosine_latitude,centre_inside_boundary
07-02,19.92,930,1961-1990,Belgium,cosine_latitude,centre_inside_boundary
07-03,19.96,930,1961-1990,Belgium,cosine_latitude,centre_inside_boundary
07-04,19.99,930,1961-1990,Belgium,cosine_latitude,centre_inside_boundary
07-05,20.02,930,1961-1990,Belgium,cosine_latitude,centre_inside_boundary
07-06,20.05,930,1961-1990,Belgium,cosine_latitude,centre_inside_boundary
07-07,20.1,930,1961-1990,Belgium,cosine_latitude,centre_inside_boundary
07-08,20.15,930,1961-1990,Belgium,cosine_latitude,centre_inside_boundary
07-09,20.19,930,1961-1990,Belgium,cosine_latitude,centre_inside_boundary
07-10,20.22,930,1961-1990,Belgium,cosine_latitude,centre_inside_boundary
07-11,20.23,930,1961-1990,Belgium,cosine_latitude,centre_inside_boundary
07-12,20.24,930,1961-1990,Belgium,cosine_latitude,centre_inside_boundary
07-13,20.31,930,1961-1990,Belgium,cosine_latitude,centre_inside_boundary
07-14,20.41,930,1961-1990,Belgium,cosine_latitude,centre_inside_boundary
07-15,20.53,930,1961-1990,Belgium,cosine_latitude,centre_inside_boundary
07-16,20.59,930,1961-1990,Belgium,cosine_latitude,centre_inside_boundary
07-17,20.63,930,1961-1990,Belgium,cosine_latitude,centre_inside_boundary
07-18,20.64,930,1961-1990,Belgium,cosine_latitude,centre_inside_boundary
07-19,20.7,930,1961-1990,Belgium,cosine_latitude,centre_inside_boundary
07-20,20.75,930,1961-1990,Belgium,cosine_latitude,centre_inside_boundary
07-21,20.77,930,1961-1990,Belgium,cosine_latitude,centre_inside_boundary
07-22,20.81,930,1961-1990,Belgium,cosine_latitude,centre_inside_boundary
07-23,20.81,930,1961-1990,Belgium,cosine_latitude,centre_inside_boundary
07-24,20.8,930,1961-1990,Belgium,cosine_latitude,centre_inside_boundary
07-25,20.81,930,1961-1990,Belgium,cosine_latitude,centre_inside_boundary
07-26,20.82,930,1961-1990,Belgium,cosine_latitude,centre_inside_boundary
07-27,20.81,930,1961-1990,Belgium,cosine_latitude,centre_inside_boundary
07-28,20.8,930,1961-1990,Belgium,cosine_latitude,centre_inside_boundary
07-29,20.82,930,1961-1990,Belgium,cosine_latitude,centre_inside_boundary
07-30,20.86,930,1961-1990,Belgium,cosine_latitude,centre_inside_boundary
07-31,20.89,930,1961-1990,Belgium,cosine_latitude,centre_inside_boundary
08-01,20.91,930,1961-1990,Belgium,cosine_latitude,centre_inside_boundary
08-02,20.92,930,1961-1990,Belgium,cosine_latitude,centre_inside_boundary
08-03,20.93,930,1961-1990,Belgium,cosine_latitude,centre_inside_boundary
08-04,20.95,930,1961-1990,Belgium,cosine_latitude,centre_inside_boundary
08-05,20.97,930,1961-1990,Belgium,cosine_latitude,centre_inside_boundary
08-06,20.97,930,1961-1990,Belgium,cosine_latitude,centre_inside_boundary
08-07,20.94,930,1961-1990,Belgium,cosine_latitude,centre_inside_boundary
08-08,20.9,930,1961-1990,Belgium,cosine_latitude,centre_inside_boundary
08-09,20.87,930,1961-1990,Belgium,cosine_latitude,centre_inside_boundary
08-10,20.85,930,1961-1990,Belgium,cosine_latitude,centre_inside_boundary
08-11,20.83,930,1961-1990,Belgium,cosine_latitude,centre_inside_boundary
08-12,20.81,930,1961-1990,Belgium,cosine_latitude,centre_inside_boundary
08-13,20.76,930,1961-1990,Belgium,cosine_latitude,centre_inside_boundary
08-14,20.73,930,1961-1990,Belgium,cosine_latitude,centre_inside_boundary
08-15,20.66,930,1961-1990,Belgium,cosine_latitude,centre_inside_boundary
08-16,20.57,930,1961-1990,Belgium,cosine_latitude,centre_inside_boundary
08-17,20.49,930,1961-1990,Belgium,cosine_latitude,centre_inside_boundary
08-18,20.43,930,1961-1990,Belgium,cosine_latitude,centre_inside_boundary
08-19,20.35,930,1961-1990,Belgium,cosine_latitude,centre_inside_boundary
08-20,20.25,930,1961-1990,Belgium,cosine_latitude,centre_inside_boundary
08-21,20.18,930,1961-1990,Belgium,cosine_latitude,centre_inside_boundary
08-22,20.07,930,1961-1990,Belgium,cosine_latitude,centre_inside_boundary
08-23,19.98,930,1961-1990,Belgium,cosine_latitude,centre_inside_boundary
08-24,19.92,930,1961-1990,Belgium,cosine_latitude,centre_inside_boundary
08-25,19.84,930,1961-1990,Belgium,cosine_latitude,centre_inside_boundary
08-26,19.76,930,1961-1990,Belgium,cosine_latitude,centre_inside_boundary
08-27,19.67,930,1961-1990,Belgium,cosine_latitude,centre_inside_boundary
08-28,19.59,930,1961-1990,Belgium,cosine_latitude,centre_inside_boundary
08-29,19.45,930,1961-1990,Belgium,cosine_latitude,centre_inside_boundary
08-30,19.31,930,1961-1990,Belgium,cosine_latitude,centre_inside_boundary
08-31,19.2,930,1961-1990,Belgium,cosine_latitude,centre_inside_boundary
09-01,19.1,930,1961-1990,Belgium,cosine_latitude,centre_inside_boundary
09-02,19.03,930,1961-1990,Belgium,cosine_latitude,centre_inside_boundary
09-03,18.94,930,1961-1990,Belgium,cosine_latitude,centre_inside_boundary
09-04,18.85,930,1961-1990,Belgium,cosine_latitude,centre_inside_boundary
09-05,18.76,930,1961-1990,Belgium,cosine_latitude,centre_inside_boundary
09-06,18.68,930,1961-1990,Belgium,cosine_latitude,centre_inside_boundary
09-07,18.6,930,1961-1990,Belgium,cosine_latitude,centre_inside_boundary
09-08,18.52,930,1961-1990,Belgium,cosine_latitude,centre_inside_boundary
09-09,18.44,930,1961-1990,Belgium,cosine_latitude,centre_inside_boundary
09-10,18.35,930,1961-1990,Belgium,cosine_latitude,centre_inside_boundary
09-11,18.25,930,1961-1990,Belgium,cosine_latitude,centre_inside_boundary
09-12,18.16,930,1961-1990,Belgium,cosine_latitude,centre_inside_boundary
09-13,18.06,930,1961-1990,Belgium,cosine_latitude,centre_inside_boundary
09-14,17.94,930,1961-1990,Belgium,cosine_latitude,centre_inside_boundary
09-15,17.8,930,1961-1990,Belgium,cosine_latitude,centre_inside_boundary
09-16,17.71,930,1961-1990,Belgium,cosine_latitude,centre_inside_boundary
09-17,17.6,930,1961-1990,Belgium,cosine_latitude,centre_inside_boundary
09-18,17.48,930,1961-1990,Belgium,cosine_latitude,centre_inside_boundary
09-19,17.39,930,1961-1990,Belgium,cosine_latitude,centre_inside_boundary
09-20,17.3,930,1961-1990,Belgium,cosine_latitude,centre_inside_boundary
09-21,17.21,930,1961-1990,Belgium,cosine_latitude,centre_inside_boundary
09-22,17.12,930,1961-1990,Belgium,cosine_latitude,centre_inside_boundary
09-23,17.0,930,1961-1990,Belgium,cosine_latitude,centre_inside_boundary
09-24,16.87,930,1961-1990,Belgium,cosine_latitude,centre_inside_boundary
09-25,16.77,930,1961-1990,Belgium,cosine_latitude,centre_inside_boundary
09-26,16.64,930,1961-1990,Belgium,cosine_latitude,centre_inside_boundary
09-27,16.51,930,1961-1990,Belgium,cosine_latitude,centre_inside_boundary
09-28,16.37,930,1961-1990,Belgium,cosine_latitude,centre_inside_boundary
09-29,16.26,930,1961-1990,Belgium,cosine_latitude,centre_inside_boundary
09-30,16.11,930,1961-1990,Belgium,cosine_latitude,centre_inside_boundary
10-01,15.96,930,1961-1990,Belgium,cosine_latitude,centre_inside_boundary
10-02,15.82,930,1961-1990,Belgium,cosine_latitude,centre_inside_boundary
10-03,15.66,930,1961-1990,Belgium,cosine_latitude,centre_inside_boundary
10-04,15.52,930,1961-1990,Belgium,cosine_latitude,centre_inside_boundary
10-05,15.36,930,1961-1990,Belgium,cosine_latitude,centre_inside_boundary
10-06,15.2,930,1961-1990,Belgium,cosine_latitude,centre_inside_boundary
10-07,15.05,930,1961-1990,Belgium,cosine_latitude,centre_inside_boundary
10-08,14.91,930,1961-1990,Belgium,cosine_latitude,centre_inside_boundary
10-09,14.76,930,1961-1990,Belgium,cosine_latitude,centre_inside_boundary
10-10,14.6,930,1961-1990,Belgium,cosine_latitude,centre_inside_boundary
10-11,14.45,930,1961-1990,Belgium,cosine_latitude,centre_inside_boundary
10-12,14.29,930,1961-1990,Belgium,cosine_latitude,centre_inside_boundary
10-13,14.1,930,1961-1990,Belgium,cosine_latitude,centre_inside_boundary
10-14,13.91,930,1961-1990,Belgium,cosine_latitude,centre_inside_boundary
10-15,13.71,930,1961-1990,Belgium,cosine_latitude,centre_inside_boundary
10-16,13.54,930,1961-1990,Belgium,cosine_latitude,centre_inside_boundary
10-17,13.39,930,1961-1990,Belgium,cosine_latitude,centre_inside_boundary
10-18,13.23,930,1961-1990,Belgium,cosine_latitude,centre_inside_boundary
10-19,13.03,930,1961-1990,Belgium,cosine_latitude,centre_inside_boundary
10-20,12.8,930,1961-1990,Belgium,cosine_latitude,centre_inside_boundary
10-21,12.58,930,1961-1990,Belgium,cosine_latitude,centre_inside_boundary
10-22,12.34,930,1961-1990,Belgium,cosine_latitude,centre_inside_boundary
10-23,12.13,930,1961-1990,Belgium,cosine_latitude,centre_inside_boundary
10-24,11.96,930,1961-1990,Belgium,cosine_latitude,centre_inside_boundary
10-25,11.79,930,1961-1990,Belgium,cosine_latitude,centre_inside_boundary
10-26,11.59,930,1961-1990,Belgium,cosine_latitude,centre_inside_boundary
10-27,11.41,930,1961-1990,Belgium,cosine_latitude,centre_inside_boundary
10-28,11.24,930,1961-1990,Belgium,cosine_latitude,centre_inside_boundary
10-29,11.04,930,1961-1990,Belgium,cosine_latitude,centre_inside_boundary
10-30,10.85,930,1961-1990,Belgium,cosine_latitude,centre_inside_boundary
10-31,10.67,930,1961-1990,Belgium,cosine_latitude,centre_inside_boundary
11-01,10.47,930,1961-1990,Belgium,cosine_latitude,centre_inside_boundary
11-02,10.29,930,1961-1990,Belgium,cosine_latitude,centre_inside_boundary
11-03,10.12,930,1961-1990,Belgium,cosine_latitude,centre_inside_boundary
11-04,9.95,930,1961-1990,Belgium,cosine_latitude,centre_inside_boundary
11-05,9.77,930,1961-1990,Belgium,cosine_latitude,centre_inside_boundary
11-06,9.58,930,1961-1990,Belgium,cosine_latitude,centre_inside_boundary
11-07,9.39,930,1961-1990,Belgium,cosine_latitude,centre_inside_boundary
11-08,9.21,930,1961-1990,Belgium,cosine_latitude,centre_inside_boundary
11-09,9.03,930,1961-1990,Belgium,cosine_latitude,centre_inside_boundary
11-10,8.84,930,1961-1990,Belgium,cosine_latitude,centre_inside_boundary
11-11,8.66,930,1961-1990,Belgium,cosine_latitude,centre_inside_boundary
11-12,8.49,930,1961-1990,Belgium,cosine_latitude,centre_inside_boundary
11-13,8.31,930,1961-1990,Belgium,cosine_latitude,centre_inside_boundary
11-14,8.14,930,1961-1990,Belgium,cosine_latitude,centre_inside_boundary
11-15,7.98,930,1961-1990,Belgium,cosine_latitude,centre_inside_boundary
11-16,7.79,930,1961-1990,Belgium,cosine_latitude,centre_inside_boundary
11-17,7.6,930,1961-1990,Belgium,cosine_latitude,centre_inside_boundary
11-18,7.43,930,1961-1990,Belgium,cosine_latitude,centre_inside_boundary
11-19,7.31,930,1961-1990,Belgium,cosine_latitude,centre_inside_boundary
11-20,7.21,930,1961-1990,Belgium,cosine_latitude,centre_inside_boundary
11-21,7.09,930,1961-1990,Belgium,cosine_latitude,centre_inside_boundary
11-22,6.99,930,1961-1990,Belgium,cosine_latitude,centre_inside_boundary
11-23,6.88,930,1961-1990,Belgium,cosine_latitude,centre_inside_boundary
11-24,6.74,930,1961-1990,Belgium,cosine_latitude,centre_inside_boundary
11-25,6.59,930,1961-1990,Belgium,cosine_latitude,centre_inside_boundary
11-26,6.45,930,1961-1990,Belgium,cosine_latitude,centre_inside_boundary
11-27,6.33,930,1961-1990,Belgium,cosine_latitude,centre_inside_boundary
11-28,6.21,930,1961-1990,Belgium,cosine_latitude,centre_inside_boundary
11-29,6.13,930,1961-1990,Belgium,cosine_latitude,centre_inside_boundary
11-30,6.06,930,1961-1990,Belgium,cosine_latitude,centre_inside_boundary
12-01,5.98,930,1961-1990,Belgium,cosine_latitude,centre_inside_boundary
12-02,5.89,930,1961-1990,Belgium,cosine_latitude,centre_inside_boundary
12-03,5.81,930,1961-1990,Belgium,cosine_latitude,centre_inside_boundary
12-04,5.7,930,1961-1990,Belgium,cosine_latitude,centre_inside_boundary
12-05,5.59,930,1961-1990,Belgium,cosine_latitude,centre_inside_boundary
12-06,5.51,930,1961-1990,Belgium,cosine_latitude,centre_inside_boundary
12-07,5.46,930,1961-1990,Belgium,cosine_latitude,centre_inside_boundary
12-08,5.39,930,1961-1990,Belgium,cosine_latitude,centre_inside_boundary
12-09,5.31,930,1961-1990,Belgium,cosine_latitude,centre_inside_boundary
12-10,5.24,930,1961-1990,Belgium,cosine_latitude,centre_inside_boundary
12-11,5.18,930,1961-1990,Belgium,cosine_latitude,centre_inside_boundary
12-12,5.11,930,1961-1990,Belgium,cosine_latitude,centre_inside_boundary
12-13,5.02,930,1961-1990,Belgium,cosine_latitude,centre_inside_boundary
12-14,4.96,930,1961-1990,Belgium,cosine_latitude,centre_inside_boundary
12-15,4.91,930,1961-1990,Belgium,cosine_latitude,centre_inside_boundary
12-16,4.86,930,1961-1990,Belgium,cosine_latitude,centre_inside_boundary
12-17,4.81,930,1961-1990,Belgium,cosine_latitude,centre_inside_boundary
12-18,4.77,930,1961-1990,Belgium,cosine_latitude,centre_inside_boundary
12-19,4.73,930,1961-1990,Belgium,cosine_latitude,centre_inside_boundary
12-20,4.64,930,1961-1990,Belgium,cosine_latitude,centre_inside_boundary
12-21,4.54,930,1961-1990,Belgium,cosine_latitude,centre_inside_boundary
12-22,4.48,930,1961-1990,Belgium,cosine_latitude,centre_inside_boundary
12-23,4.4,930,1961-1990,Belgium,cosine_latitude,centre_inside_boundary
12-24,4.31,930,1961-1990,Belgium,cosine_latitude,centre_inside_boundary
12-25,4.25,930,1961-1990,Belgium,cosine_latitude,centre_inside_boundary
12-26,4.2,930,1961-1990,Belgium,cosine_latitude,centre_inside_boundary
12-27,4.16,930,1961-1990,Belgium,cosine_latitude,centre_inside_boundary
12-28,4.09,930,1961-1990,Belgium,cosine_latitude,centre_inside_boundary
12-29,4.03,930,1961-1990,Belgium,cosine_latitude,centre_inside_boundary
12-30,3.99,930,1961-1990,Belgium,cosine_latitude,centre_inside_boundary
12-31,3.94,930,1961-1990,Belgium,cosine_latitude,centre_inside_boundary
